CHROM	POS	ID	REF	ALT	gene_name	aa_change_position	aminoacid_change	mutation_name_single	reference_resistant	vkey	gene_id	mutation_name
Pf3D7_07_v3	403612	.	T	A	crt	C72	Cys72Ser	crt-C72S	No	Pf3D7_07_v3:403612:.:Cys:Ser	PF3D7_0709000	crt-Cys72Ser
Pf3D7_07_v3	403615	.	G	T	crt	V73	Val73Leu	crt-V73L	No	Pf3D7_07_v3:403615:.:Val:Leu	PF3D7_0709000	Crt-Val73Leu
Pf3D7_07_v3	403620	.	G	T	crt	M74	Met74Ile	crt-M74I	No	Pf3D7_07_v3:403618:.:Met:Ile	PF3D7_0709000	crt-Met74Ile
Pf3D7_07_v3	403621	.	AAT	GAA	crt	N75	Asn75Glu	crt-N75E	No	Pf3D7_07_v3:403621:.:Asn:Glu	PF3D7_0709000	crt-Asn75Glu
Pf3D7_07_v3	403625	.	A	C	crt	K76	Lys76Thr	crt-K76T	No	Pf3D7_07_v3:403624:.:Lys:Thr	PF3D7_0709000	crt-Lys76Thr
Pf3D7_07_v3	403675	.	A	T	crt	T93	Thr93Ser	crt-T93S	No	Pf3D7_07_v3:403675:.:Thr:Ser	PF3D7_0709000	crt-Thr93Ser
Pf3D7_07_v3	403687	.	C	T	crt	H97	His97Tyr	crt-H97Y	No	Pf3D7_07_v3:403687:.:His:Tyr	PF3D7_0709000	crt-His97Tyr
Pf3D7_07_v3	403688	.	A	T	crt	H97	His97Leu	crt-H97L	No	Pf3D7_07_v3:403687:.:His:Leu	PF3D7_0709000	crt-His97Leu
Pf3D7_07_v3	403700	.	G	T	crt	C101	Cys101Phe	crt-C101F	No	Pf3D7_07_v3:403699:.:Cys:Phe	PF3D7_0709000	crt-Cys101Phe
Pf3D7_07_v3	404010	.	T	A	crt	F145	Phe145Ile	crt-F145I	No	Pf3D7_07_v3:404010:.:Phe:Ile	PF3D7_0709000	crt-Phe145Ile
Pf3D7_07_v3	404401	.	A	T	crt	I218	Ile218Phe	crt-I218F	No	Pf3D7_07_v3:404401:.:Ile:Phe	PF3D7_0709000	crt-Ile218Phe
Pf3D7_07_v3	404407	.	G	T	crt	A220	Ala220Ser	crt-A220S	No	Pf3D7_07_v3:404407:.:Ala:Ser	PF3D7_0709000	crt-Ala220Ser
Pf3D7_07_v3	404836	.	C	G	crt	Q271	Gln271Glu	crt-Q271E	No	Pf3D7_07_v3:404836:.:Gln:Glu	PF3D7_0709000	crt-Gln271Glu
Pf3D7_07_v3	405362	.	A	G	crt	N326	Asn326Ser	crt-N326S	No	Pf3D7_07_v3:405361:.:Asn:Ser	PF3D7_0709000	crt-Asn326Ser
Pf3D7_07_v3	405560	.	A	T	crt	M343	Met343Leu	crt-M343L	No	Pf3D7_07_v3:405560:.:Met:Leu	PF3D7_0709000	crt-Met343Leu
Pf3D7_07_v3	405591	.	G	T	crt	G353	Gly353Val	crt-G353V	No	Pf3D7_07_v3:405591:.:Gly:Val	PF3D7_0709000	crt-Gly353Val
Pf3D7_07_v3	405600	.	T	C	crt	I356	Ile356Thr	crt-I356T	No	Pf3D7_07_v3:405599:.:Ile:Thr	PF3D7_0709000	crt-Ile356Thr
Pf3D7_07_v3	405838	.	G	T	crt	R371	Arg371Ile	crt-R371I	No	Pf3D7_07_v3:405837:.:Arg:Ile	PF3D7_0709000	crt-Arg371Ile
Pf3D7_04_v3	748134	.	C	T	dhfr-ts	A16	Ala16Val	dhfr-ts-A16V	No	Pf3D7_04_v3:748133:.:Ala:Val	PF3D7_0417200	dhfr-ts-Ala16Val
Pf3D7_04_v3	748239	.	A	T	dhfr-ts	N51	Asn51Ile	dhfr-ts-N51I	No	Pf3D7_04_v3:748238:.:Asn:Ile	PF3D7_0417200	dhfr-ts-Asn51Ile
Pf3D7_04_v3	748262	.	T	C	dhfr-ts	C59	Cys59Arg	dhfr-ts-C59R	No	Pf3D7_04_v3:748262:.:Cys:Arg	PF3D7_0417200	dhfr-ts-Cys59Arg
Pf3D7_04_v3	748410	.	G	A	dhfr-ts	S108	Ser108Asn	dhfr-ts-S108N	No	Pf3D7_04_v3:748409:.:Ser:Asn	PF3D7_0417200	dhfr-ts-Ser108Asn
Pf3D7_04_v3	748410	.	G	C	dhfr-ts	S108	Ser108Thr	dhfr-ts-S108T	No	Pf3D7_04_v3:748409:.:Ser:Thr	PF3D7_0417200	dhfr-ts-Ser108Thr
Pf3D7_04_v3	748577	.	A	T	dhfr-ts	I164	Ile164Leu	dhfr-ts-I164L	No	Pf3D7_04_v3:748577:.:Ile:Leu	PF3D7_0417200	dhfr-ts-Ile164Leu
Pf3D7_08_v3	549666	.	A	G	dhps	I431	Ile431Val	dhps-I431V	No	Pf3D7_08_v3:549666:.:Ile:Val	PF3D7_0810800	dhps-Ile431Val
Pf3D7_08_v3	549681	.	T	G	dhps	S436	Ser436Ala	dhps-S436A	No	Pf3D7_08_v3:549681:.:Ser:Ala	PF3D7_0810800	dhps-Ser436Ala
Pf3D7_08_v3	549682	.	C	T	dhps	S436	Ser436Phe	dhps-S436F	No	Pf3D7_08_v3:549681:.:Ser:Phe	PF3D7_0810800	dhps-Ser436Phe
Pf3D7_08_v3	549685	.	G	C	dhps	G437	Gly437Ala	dhps-A437G	Yes	Pf3D7_08_v3:549684:.:Gly:Ala	PF3D7_0810800	dhps-Gly437Ala
Pf3D7_08_v3	549993	.	A	G	dhps	K540	Lys540Glu	dhps-K540E	No	Pf3D7_08_v3:549993:.:Lys:Glu	PF3D7_0810800	dhps-Lys540Glu
Pf3D7_08_v3	550117	.	C	G	dhps	A581	Ala581Gly	dhps-A581G	No	Pf3D7_08_v3:550116:.:Ala:Gly	PF3D7_0810800	dhps-Ala581Gly
Pf3D7_08_v3	550212	.	G	A	dhps	A613	Ala613Thr	dhps-A613T	No	Pf3D7_08_v3:550212:.:Ala:Thr	PF3D7_0810800	dhps-Ala613Thr
Pf3D7_08_v3	550212	.	G	T	dhps	A613	Ala613Ser	dhps-A613S	No	Pf3D7_08_v3:550212:.:Ala:Ser	PF3D7_0810800	dhps-Ala613Ser
Pf3D7_13_v3	1724974	.	G	A	k13	A675	Ala675Val	k13-A675V	No	Pf3D7_13_v3:1724974:.:Ala:Val	PF3D7_1343700	k13-Ala675Val
Pf3D7_13_v3	1725133	.	C	A	k13	R622	Arg622Ile	k13-R622I	No	Pf3D7_13_v3:1725133:.:Arg:Ile	PF3D7_1343700	k13-Arg622Ile
Pf3D7_13_v3	1725259	.	C	T	k13	C580	Cys580Tyr	k13-C580Y	No	Pf3D7_13_v3:1725258:.:Cys:Tyr	PF3D7_1343700	k13-Cys580Tyr
Pf3D7_13_v3	1725277	.	G	A	k13	P574	Pro574Leu	k13-P574L	No	Pf3D7_13_v3:1725277:.:Pro:Leu	PF3D7_1343700	k13-Pro574Leu
Pf3D7_13_v3	1725295	.	A	C	k13	V568	Val568Gly	k13-V568G	No	Pf3D7_13_v3:1725295:.:Val:Gly	PF3D7_1343700	k13-Val568Gly
Pf3D7_13_v3	1725316	.	C	T	k13	R561	Arg561His	k13-R561H	No	Pf3D7_13_v3:1725316:.:Arg:His	PF3D7_1343700	k13-Arg561His
Pf3D7_13_v3	1725340	.	G	A	k13	P553	Pro553Leu	k13-P553L	No	Pf3D7_13_v3:1725340:.:Pro:Leu	PF3D7_1343700	k13-Pro553Leu
Pf3D7_13_v3	1725370	.	A	G	k13	I543	Ile543Thr	k13-I543T	No	Pf3D7_13_v3:1725369:.:Ile:Thr	PF3D7_1343700	k13-Ile543Thr
Pf3D7_13_v3	1725382	.	C	G	k13	R539	Arg539Thr	k13-R539T	No	Pf3D7_13_v3:1725381:.:Arg:Thr	PF3D7_1343700	k13-Arg539Thr
Pf3D7_13_v3	1725385	.	C	A	k13	G538	Gly538Val	k13-G538V	No	Pf3D7_13_v3:1725385:.:Gly:Val	PF3D7_1343700	k13-Gly538Val
Pf3D7_13_v3	1725388	.	T	A	k13	N537	Asn537Ile	k13-N537I	No	Pf3D7_13_v3:1725388:.:Asn:Ile	PF3D7_1343700	k13-Asn537Ile
Pf3D7_13_v3	1725389	.	T	C	k13	N537	Asn537Asp	k13-N537D	No	Pf3D7_13_v3:1725389:.:Asn:Asp	PF3D7_1343700	k13-Asn537Asp
Pf3D7_13_v3	1725418	.	G	T	k13	P527	Pro527His	k13-P527H	No	Pf3D7_13_v3:1725418:.:Pro:His	PF3D7_1343700	k13-Pro527His
Pf3D7_13_v3	1725454	.	C	T	k13	R515	Arg515Lys	k13-R515K	No	Pf3D7_13_v3:1725454:.:Arg:Lys	PF3D7_1343700	k13-Arg515Lys
Pf3D7_13_v3	1725521	.	A	G	k13	Y493	Tyr493His	k13-Y493H	No	Pf3D7_13_v3:1725519:.:Tyr:His	PF3D7_1343700	k13-Tyr493His
Pf3D7_13_v3	1725556	.	G	A	k13	A481	Ala481Val	k13-A481V	No	Pf3D7_13_v3:1725556:.:Ala:Val	PF3D7_1343700	k13-Ala481Val
Pf3D7_13_v3	1725570	.	C	A	k13	M476	Met476Ile	k13-M476I	No	Pf3D7_13_v3:1725570:.:Met:Ile	PF3D7_1343700	k13-Met476Ile
Pf3D7_13_v3	1725592	.	C	A	k13	C469	Cys469Phe	k13-C469F	No	Pf3D7_13_v3:1725592:.:Cys:Phe	PF3D7_1343700	k13-Cys469Phe
Pf3D7_13_v3	1725592	.	C	T	k13	C469	Cys469Tyr	k13-C469Y	No	Pf3D7_13_v3:1725592:.:Cys:Tyr	PF3D7_1343700	k13-Cys469Tyr
Pf3D7_13_v3	1725626	.	T	A	k13	N458	Asn458Tyr	k13-N458Y	No	Pf3D7_13_v3:1725626:.:Asn:Tyr	PF3D7_1343700	k13-Asn458Tyr
Pf3D7_13_v3	1725652	.	C	G	k13	G449	Gly449Ala	k13-G449A	No	Pf3D7_13_v3:1725652:.:Gly:Ala	PF3D7_1343700	k13-Gly449Ala
Pf3D7_13_v3	1725662	.	A	T	k13	F446	Phe446Ile	k13-F446I	No	Pf3D7_13_v3:1725662:.:Phe:Ile	PF3D7_1343700	k13-Phe446Ile
Pf3D7_13_v3	1725676	.	G	A	k13	P441	Pro441Leu	k13-P441L	No	Pf3D7_13_v3:1725676:.:Pro:Leu	PF3D7_1343700	k13-Pro441Leu
Pf3D7_05_v3	958145	.	A	T	mdr1	N86	Asn86Tyr	mdr1-N86Y	No	Pf3D7_05_v3:958145:.:Asn:Tyr	PF3D7_0523000	mdr1-Asn86Tyr
Pf3D7_05_v3	958440	.	A	T	mdr1	Y184	Tyr184Phe	mdr1-Y184F	No	Pf3D7_05_v3:958439:.:Tyr:Phe	PF3D7_0523000	mdr1-Tyr184Phe
Pf3D7_05_v3	960989	.	A	T	mdr1	S1034	Ser1034Cys	mdr1-S1034C	No	Pf3D7_05_v3:960989:.:Ser:Cys	PF3D7_0523000	mdr1-Ser1034Cys
Pf3D7_05_v3	961013	.	A	G	mdr1	N1042	Asn1042Asp	mdr1-N1042D	No	Pf3D7_05_v3:961013:.:Asn:Asp	PF3D7_0523000	mdr1-Asn1042Asp
Pf3D7_05_v3	961625	.	G	T	mdr1	D1246	Asp1246Tyr	mdr1-D1246Y	No	Pf3D7_05_v3:961625:.:Asp:Tyr	PF3D7_0523000	mdr1-Asp1246Tyr
